commit_sha,feature_set,commit_policy,virgin_zero_skip,cpu,os,rustc,scenario,size,touch,reps,mean_ns_per_op,p50_ns_per_op,min_ns_per_op,max_ns_per_op,mean_activation_pct,min_activation_pct,oracle,landing_commit
50d5adc9e99f7817f88097901d7d0497fae53ea3,"production bench-internals alloc-stats",eager,false,Intel_Core_i7-11800H_2.30GHz,Windows_10_Pro_10.0.19045,1.97.0,virgin,4k,notouch,50,58702.0,58500.0,42700.0,83500.0,100.00,100.00,PASS,d8f467b869c226150746532c484944958ee31808
50d5adc9e99f7817f88097901d7d0497fae53ea3,"production bench-internals alloc-stats",eager,false,Intel_Core_i7-11800H_2.30GHz,Windows_10_Pro_10.0.19045,1.97.0,virgin,4k,onebyte,50,70594.0,63700.0,59900.0,172200.0,100.00,100.00,PASS,d8f467b869c226150746532c484944958ee31808
50d5adc9e99f7817f88097901d7d0497fae53ea3,"production bench-internals alloc-stats",eager,false,Intel_Core_i7-11800H_2.30GHz,Windows_10_Pro_10.0.19045,1.97.0,virgin,4k,full,50,71696.0,62100.0,43400.0,140500.0,100.00,100.00,PASS,d8f467b869c226150746532c484944958ee31808
50d5adc9e99f7817f88097901d7d0497fae53ea3,"production bench-internals alloc-stats",eager,false,Intel_Core_i7-11800H_2.30GHz,Windows_10_Pro_10.0.19045,1.97.0,virgin,16k,notouch,50,67710.0,66100.0,51800.0,103300.0,100.00,100.00,PASS,d8f467b869c226150746532c484944958ee31808
50d5adc9e99f7817f88097901d7d0497fae53ea3,"production bench-internals alloc-stats",eager,false,Intel_Core_i7-11800H_2.30GHz,Windows_10_Pro_10.0.19045,1.97.0,virgin,16k,onebyte,50,69166.0,54200.0,49200.0,155200.0,100.00,100.00,PASS,d8f467b869c226150746532c484944958ee31808
50d5adc9e99f7817f88097901d7d0497fae53ea3,"production bench-internals alloc-stats",eager,false,Intel_Core_i7-11800H_2.30GHz,Windows_10_Pro_10.0.19045,1.97.0,virgin,16k,full,50,84238.0,79200.0,58600.0,216100.0,100.00,100.00,PASS,d8f467b869c226150746532c484944958ee31808
50d5adc9e99f7817f88097901d7d0497fae53ea3,"production bench-internals alloc-stats",eager,false,Intel_Core_i7-11800H_2.30GHz,Windows_10_Pro_10.0.19045,1.97.0,virgin,64k,notouch,50,117044.0,104300.0,93000.0,236800.0,100.00,100.00,PASS,d8f467b869c226150746532c484944958ee31808
50d5adc9e99f7817f88097901d7d0497fae53ea3,"production bench-internals alloc-stats",eager,false,Intel_Core_i7-11800H_2.30GHz,Windows_10_Pro_10.0.19045,1.97.0,virgin,64k,onebyte,50,134182.0,125600.0,92900.0,254400.0,100.00,100.00,PASS,d8f467b869c226150746532c484944958ee31808
50d5adc9e99f7817f88097901d7d0497fae53ea3,"production bench-internals alloc-stats",eager,false,Intel_Core_i7-11800H_2.30GHz,Windows_10_Pro_10.0.19045,1.97.0,virgin,64k,full,50,187798.0,168700.0,125100.0,581800.0,100.00,100.00,PASS,d8f467b869c226150746532c484944958ee31808
50d5adc9e99f7817f88097901d7d0497fae53ea3,"production bench-internals alloc-stats",eager,false,Intel_Core_i7-11800H_2.30GHz,Windows_10_Pro_10.0.19045,1.97.0,virgin,128k,notouch,50,206966.0,185000.0,134000.0,748300.0,100.00,100.00,PASS,d8f467b869c226150746532c484944958ee31808
50d5adc9e99f7817f88097901d7d0497fae53ea3,"production bench-internals alloc-stats",eager,false,Intel_Core_i7-11800H_2.30GHz,Windows_10_Pro_10.0.19045,1.97.0,virgin,128k,onebyte,50,203960.0,194300.0,166700.0,294600.0,100.00,100.00,PASS,d8f467b869c226150746532c484944958ee31808
50d5adc9e99f7817f88097901d7d0497fae53ea3,"production bench-internals alloc-stats",eager,false,Intel_Core_i7-11800H_2.30GHz,Windows_10_Pro_10.0.19045,1.97.0,virgin,128k,full,50,244944.0,219200.0,190700.0,657400.0,100.00,100.00,PASS,d8f467b869c226150746532c484944958ee31808
50d5adc9e99f7817f88097901d7d0497fae53ea3,"production bench-internals alloc-stats",eager,false,Intel_Core_i7-11800H_2.30GHz,Windows_10_Pro_10.0.19045,1.97.0,recycled,4k,notouch,10,73.8,62.5,56.2,125.0,0.00,0.00,FAIL,d8f467b869c226150746532c484944958ee31808
50d5adc9e99f7817f88097901d7d0497fae53ea3,"production bench-internals alloc-stats",eager,false,Intel_Core_i7-11800H_2.30GHz,Windows_10_Pro_10.0.19045,1.97.0,recycled,4k,onebyte,10,66.2,62.5,62.5,93.8,0.00,0.00,FAIL,d8f467b869c226150746532c484944958ee31808
50d5adc9e99f7817f88097901d7d0497fae53ea3,"production bench-internals alloc-stats",eager,false,Intel_Core_i7-11800H_2.30GHz,Windows_10_Pro_10.0.19045,1.97.0,recycled,4k,full,10,2938.1,3137.5,2512.5,3325.0,0.00,0.00,FAIL,d8f467b869c226150746532c484944958ee31808
50d5adc9e99f7817f88097901d7d0497fae53ea3,"production bench-internals alloc-stats",eager,false,Intel_Core_i7-11800H_2.30GHz,Windows_10_Pro_10.0.19045,1.97.0,recycled,16k,notouch,10,357.5,312.5,181.2,956.2,0.00,0.00,FAIL,d8f467b869c226150746532c484944958ee31808
50d5adc9e99f7817f88097901d7d0497fae53ea3,"production bench-internals alloc-stats",eager,false,Intel_Core_i7-11800H_2.30GHz,Windows_10_Pro_10.0.19045,1.97.0,recycled,16k,onebyte,10,328.1,312.5,268.8,531.2,0.00,0.00,FAIL,d8f467b869c226150746532c484944958ee31808
50d5adc9e99f7817f88097901d7d0497fae53ea3,"production bench-internals alloc-stats",eager,false,Intel_Core_i7-11800H_2.30GHz,Windows_10_Pro_10.0.19045,1.97.0,recycled,16k,full,10,9321.2,8587.5,7500.0,12287.5,0.00,0.00,FAIL,d8f467b869c226150746532c484944958ee31808
50d5adc9e99f7817f88097901d7d0497fae53ea3,"production bench-internals alloc-stats",eager,false,Intel_Core_i7-11800H_2.30GHz,Windows_10_Pro_10.0.19045,1.97.0,recycled,64k,notouch,10,1756.9,1718.8,1718.8,1931.2,0.00,0.00,FAIL,d8f467b869c226150746532c484944958ee31808
50d5adc9e99f7817f88097901d7d0497fae53ea3,"production bench-internals alloc-stats",eager,false,Intel_Core_i7-11800H_2.30GHz,Windows_10_Pro_10.0.19045,1.97.0,recycled,64k,onebyte,10,1798.1,1725.0,1718.8,1968.8,0.00,0.00,FAIL,d8f467b869c226150746532c484944958ee31808
50d5adc9e99f7817f88097901d7d0497fae53ea3,"production bench-internals alloc-stats",eager,false,Intel_Core_i7-11800H_2.30GHz,Windows_10_Pro_10.0.19045,1.97.0,recycled,64k,full,10,33521.2,31912.5,31262.5,46687.5,0.00,0.00,FAIL,d8f467b869c226150746532c484944958ee31808
50d5adc9e99f7817f88097901d7d0497fae53ea3,"production bench-internals alloc-stats",eager,false,Intel_Core_i7-11800H_2.30GHz,Windows_10_Pro_10.0.19045,1.97.0,recycled,128k,notouch,10,3415.6,3418.8,3393.8,3425.0,0.00,0.00,FAIL,d8f467b869c226150746532c484944958ee31808
50d5adc9e99f7817f88097901d7d0497fae53ea3,"production bench-internals alloc-stats",eager,false,Intel_Core_i7-11800H_2.30GHz,Windows_10_Pro_10.0.19045,1.97.0,recycled,128k,onebyte,10,3691.2,3762.5,3437.5,4168.8,0.00,0.00,FAIL,d8f467b869c226150746532c484944958ee31808
50d5adc9e99f7817f88097901d7d0497fae53ea3,"production bench-internals alloc-stats",eager,false,Intel_Core_i7-11800H_2.30GHz,Windows_10_Pro_10.0.19045,1.97.0,recycled,128k,full,10,74460.0,76812.5,63256.2,92987.5,0.00,0.00,FAIL,d8f467b869c226150746532c484944958ee31808
50d5adc9e99f7817f88097901d7d0497fae53ea3,"production bench-internals alloc-stats virgin-zero-skip",eager,true,Intel_Core_i7-11800H_2.30GHz,Windows_10_Pro_10.0.19045,1.97.0,virgin,4k,notouch,50,67876.0,66900.0,51500.0,100200.0,100.00,100.00,PASS,d8f467b869c226150746532c484944958ee31808
50d5adc9e99f7817f88097901d7d0497fae53ea3,"production bench-internals alloc-stats virgin-zero-skip",eager,true,Intel_Core_i7-11800H_2.30GHz,Windows_10_Pro_10.0.19045,1.97.0,virgin,4k,onebyte,50,65008.0,62600.0,45900.0,102400.0,100.00,100.00,PASS,d8f467b869c226150746532c484944958ee31808
50d5adc9e99f7817f88097901d7d0497fae53ea3,"production bench-internals alloc-stats virgin-zero-skip",eager,true,Intel_Core_i7-11800H_2.30GHz,Windows_10_Pro_10.0.19045,1.97.0,virgin,4k,full,50,70986.0,70500.0,46400.0,98800.0,100.00,100.00,PASS,d8f467b869c226150746532c484944958ee31808
50d5adc9e99f7817f88097901d7d0497fae53ea3,"production bench-internals alloc-stats virgin-zero-skip",eager,true,Intel_Core_i7-11800H_2.30GHz,Windows_10_Pro_10.0.19045,1.97.0,virgin,16k,notouch,50,64910.0,60900.0,46600.0,279200.0,100.00,100.00,PASS,d8f467b869c226150746532c484944958ee31808
50d5adc9e99f7817f88097901d7d0497fae53ea3,"production bench-internals alloc-stats virgin-zero-skip",eager,true,Intel_Core_i7-11800H_2.30GHz,Windows_10_Pro_10.0.19045,1.97.0,virgin,16k,onebyte,50,67982.0,64800.0,52600.0,88200.0,100.00,100.00,PASS,d8f467b869c226150746532c484944958ee31808
50d5adc9e99f7817f88097901d7d0497fae53ea3,"production bench-internals alloc-stats virgin-zero-skip",eager,true,Intel_Core_i7-11800H_2.30GHz,Windows_10_Pro_10.0.19045,1.97.0,virgin,16k,full,50,88618.0,88000.0,80800.0,104200.0,100.00,100.00,PASS,d8f467b869c226150746532c484944958ee31808
50d5adc9e99f7817f88097901d7d0497fae53ea3,"production bench-internals alloc-stats virgin-zero-skip",eager,true,Intel_Core_i7-11800H_2.30GHz,Windows_10_Pro_10.0.19045,1.97.0,virgin,64k,notouch,50,102030.0,100100.0,86300.0,179100.0,100.00,100.00,PASS,d8f467b869c226150746532c484944958ee31808
50d5adc9e99f7817f88097901d7d0497fae53ea3,"production bench-internals alloc-stats virgin-zero-skip",eager,true,Intel_Core_i7-11800H_2.30GHz,Windows_10_Pro_10.0.19045,1.97.0,virgin,64k,onebyte,50,121402.0,120000.0,96000.0,195500.0,100.00,100.00,PASS,d8f467b869c226150746532c484944958ee31808
50d5adc9e99f7817f88097901d7d0497fae53ea3,"production bench-internals alloc-stats virgin-zero-skip",eager,true,Intel_Core_i7-11800H_2.30GHz,Windows_10_Pro_10.0.19045,1.97.0,virgin,64k,full,50,166532.0,160200.0,116900.0,447500.0,100.00,100.00,PASS,d8f467b869c226150746532c484944958ee31808
50d5adc9e99f7817f88097901d7d0497fae53ea3,"production bench-internals alloc-stats virgin-zero-skip",eager,true,Intel_Core_i7-11800H_2.30GHz,Windows_10_Pro_10.0.19045,1.97.0,virgin,128k,notouch,50,116378.0,106300.0,72600.0,569000.0,100.00,100.00,PASS,d8f467b869c226150746532c484944958ee31808
50d5adc9e99f7817f88097901d7d0497fae53ea3,"production bench-internals alloc-stats virgin-zero-skip",eager,true,Intel_Core_i7-11800H_2.30GHz,Windows_10_Pro_10.0.19045,1.97.0,virgin,128k,onebyte,50,160168.0,148000.0,119200.0,312700.0,100.00,100.00,PASS,d8f467b869c226150746532c484944958ee31808
50d5adc9e99f7817f88097901d7d0497fae53ea3,"production bench-internals alloc-stats virgin-zero-skip",eager,true,Intel_Core_i7-11800H_2.30GHz,Windows_10_Pro_10.0.19045,1.97.0,virgin,128k,full,50,293702.0,282200.0,182300.0,544300.0,100.00,100.00,PASS,d8f467b869c226150746532c484944958ee31808
50d5adc9e99f7817f88097901d7d0497fae53ea3,"production bench-internals alloc-stats virgin-zero-skip",eager,true,Intel_Core_i7-11800H_2.30GHz,Windows_10_Pro_10.0.19045,1.97.0,recycled,4k,notouch,10,127.5,125.0,118.8,137.5,100.00,100.00,PASS,d8f467b869c226150746532c484944958ee31808
50d5adc9e99f7817f88097901d7d0497fae53ea3,"production bench-internals alloc-stats virgin-zero-skip",eager,true,Intel_Core_i7-11800H_2.30GHz,Windows_10_Pro_10.0.19045,1.97.0,recycled,4k,onebyte,10,121.9,125.0,118.8,125.0,100.00,100.00,PASS,d8f467b869c226150746532c484944958ee31808
50d5adc9e99f7817f88097901d7d0497fae53ea3,"production bench-internals alloc-stats virgin-zero-skip",eager,true,Intel_Core_i7-11800H_2.30GHz,Windows_10_Pro_10.0.19045,1.97.0,recycled,4k,full,10,2999.4,2956.2,2925.0,3143.8,100.00,100.00,PASS,d8f467b869c226150746532c484944958ee31808
50d5adc9e99f7817f88097901d7d0497fae53ea3,"production bench-internals alloc-stats virgin-zero-skip",eager,true,Intel_Core_i7-11800H_2.30GHz,Windows_10_Pro_10.0.19045,1.97.0,recycled,16k,notouch,10,326.9,331.2,281.2,337.5,100.00,100.00,PASS,d8f467b869c226150746532c484944958ee31808
50d5adc9e99f7817f88097901d7d0497fae53ea3,"production bench-internals alloc-stats virgin-zero-skip",eager,true,Intel_Core_i7-11800H_2.30GHz,Windows_10_Pro_10.0.19045,1.97.0,recycled,16k,onebyte,10,338.1,337.5,325.0,356.2,100.00,100.00,PASS,d8f467b869c226150746532c484944958ee31808
50d5adc9e99f7817f88097901d7d0497fae53ea3,"production bench-internals alloc-stats virgin-zero-skip",eager,true,Intel_Core_i7-11800H_2.30GHz,Windows_10_Pro_10.0.19045,1.97.0,recycled,16k,full,10,12141.9,12087.5,9350.0,15343.8,100.00,100.00,PASS,d8f467b869c226150746532c484944958ee31808
50d5adc9e99f7817f88097901d7d0497fae53ea3,"production bench-internals alloc-stats virgin-zero-skip",eager,true,Intel_Core_i7-11800H_2.30GHz,Windows_10_Pro_10.0.19045,1.97.0,recycled,64k,notouch,10,2036.9,1987.5,1875.0,2350.0,100.00,100.00,PASS,d8f467b869c226150746532c484944958ee31808
50d5adc9e99f7817f88097901d7d0497fae53ea3,"production bench-internals alloc-stats virgin-zero-skip",eager,true,Intel_Core_i7-11800H_2.30GHz,Windows_10_Pro_10.0.19045,1.97.0,recycled,64k,onebyte,10,1950.0,1968.8,1793.8,2181.2,100.00,100.00,PASS,d8f467b869c226150746532c484944958ee31808
50d5adc9e99f7817f88097901d7d0497fae53ea3,"production bench-internals alloc-stats virgin-zero-skip",eager,true,Intel_Core_i7-11800H_2.30GHz,Windows_10_Pro_10.0.19045,1.97.0,recycled,64k,full,10,50260.0,48400.0,31587.5,65231.2,100.00,100.00,PASS,d8f467b869c226150746532c484944958ee31808
50d5adc9e99f7817f88097901d7d0497fae53ea3,"production bench-internals alloc-stats virgin-zero-skip",eager,true,Intel_Core_i7-11800H_2.30GHz,Windows_10_Pro_10.0.19045,1.97.0,recycled,128k,notouch,10,4055.0,3737.5,3712.5,4968.8,100.00,100.00,PASS,d8f467b869c226150746532c484944958ee31808
50d5adc9e99f7817f88097901d7d0497fae53ea3,"production bench-internals alloc-stats virgin-zero-skip",eager,true,Intel_Core_i7-11800H_2.30GHz,Windows_10_Pro_10.0.19045,1.97.0,recycled,128k,onebyte,10,3865.0,3756.2,3737.5,4862.5,100.00,100.00,PASS,d8f467b869c226150746532c484944958ee31808
50d5adc9e99f7817f88097901d7d0497fae53ea3,"production bench-internals alloc-stats virgin-zero-skip",eager,true,Intel_Core_i7-11800H_2.30GHz,Windows_10_Pro_10.0.19045,1.97.0,recycled,128k,full,10,101326.9,101825.0,83050.0,113918.8,100.00,100.00,PASS,d8f467b869c226150746532c484944958ee31808
50d5adc9e99f7817f88097901d7d0497fae53ea3,"production bench-internals alloc-stats small-segment-lazy-commit",lazy,false,Intel_Core_i7-11800H_2.30GHz,Windows_10_Pro_10.0.19045,1.97.0,virgin,4k,notouch,50,65014.0,58300.0,47600.0,138700.0,100.00,100.00,PASS,d8f467b869c226150746532c484944958ee31808
50d5adc9e99f7817f88097901d7d0497fae53ea3,"production bench-internals alloc-stats small-segment-lazy-commit",lazy,false,Intel_Core_i7-11800H_2.30GHz,Windows_10_Pro_10.0.19045,1.97.0,virgin,4k,onebyte,50,71706.0,63600.0,43500.0,295400.0,100.00,100.00,PASS,d8f467b869c226150746532c484944958ee31808
50d5adc9e99f7817f88097901d7d0497fae53ea3,"production bench-internals alloc-stats small-segment-lazy-commit",lazy,false,Intel_Core_i7-11800H_2.30GHz,Windows_10_Pro_10.0.19045,1.97.0,virgin,4k,full,50,71954.0,64600.0,41000.0,162000.0,100.00,100.00,PASS,d8f467b869c226150746532c484944958ee31808
50d5adc9e99f7817f88097901d7d0497fae53ea3,"production bench-internals alloc-stats small-segment-lazy-commit",lazy,false,Intel_Core_i7-11800H_2.30GHz,Windows_10_Pro_10.0.19045,1.97.0,virgin,16k,notouch,50,85354.0,75700.0,54000.0,224800.0,100.00,100.00,PASS,d8f467b869c226150746532c484944958ee31808
50d5adc9e99f7817f88097901d7d0497fae53ea3,"production bench-internals alloc-stats small-segment-lazy-commit",lazy,false,Intel_Core_i7-11800H_2.30GHz,Windows_10_Pro_10.0.19045,1.97.0,virgin,16k,onebyte,50,79204.0,76300.0,69800.0,114700.0,100.00,100.00,PASS,d8f467b869c226150746532c484944958ee31808
50d5adc9e99f7817f88097901d7d0497fae53ea3,"production bench-internals alloc-stats small-segment-lazy-commit",lazy,false,Intel_Core_i7-11800H_2.30GHz,Windows_10_Pro_10.0.19045,1.97.0,virgin,16k,full,50,87330.0,85800.0,58700.0,144400.0,100.00,100.00,PASS,d8f467b869c226150746532c484944958ee31808
50d5adc9e99f7817f88097901d7d0497fae53ea3,"production bench-internals alloc-stats small-segment-lazy-commit",lazy,false,Intel_Core_i7-11800H_2.30GHz,Windows_10_Pro_10.0.19045,1.97.0,virgin,64k,notouch,50,142668.0,135400.0,95200.0,252800.0,100.00,100.00,PASS,d8f467b869c226150746532c484944958ee31808
50d5adc9e99f7817f88097901d7d0497fae53ea3,"production bench-internals alloc-stats small-segment-lazy-commit",lazy,false,Intel_Core_i7-11800H_2.30GHz,Windows_10_Pro_10.0.19045,1.97.0,virgin,64k,onebyte,50,109038.0,103800.0,92400.0,158900.0,100.00,100.00,PASS,d8f467b869c226150746532c484944958ee31808
50d5adc9e99f7817f88097901d7d0497fae53ea3,"production bench-internals alloc-stats small-segment-lazy-commit",lazy,false,Intel_Core_i7-11800H_2.30GHz,Windows_10_Pro_10.0.19045,1.97.0,virgin,64k,full,50,173910.0,175800.0,123700.0,297400.0,100.00,100.00,PASS,d8f467b869c226150746532c484944958ee31808
50d5adc9e99f7817f88097901d7d0497fae53ea3,"production bench-internals alloc-stats small-segment-lazy-commit",lazy,false,Intel_Core_i7-11800H_2.30GHz,Windows_10_Pro_10.0.19045,1.97.0,virgin,128k,notouch,50,205038.0,187000.0,131400.0,398700.0,100.00,100.00,PASS,d8f467b869c226150746532c484944958ee31808
50d5adc9e99f7817f88097901d7d0497fae53ea3,"production bench-internals alloc-stats small-segment-lazy-commit",lazy,false,Intel_Core_i7-11800H_2.30GHz,Windows_10_Pro_10.0.19045,1.97.0,virgin,128k,onebyte,50,185854.0,178500.0,134000.0,652100.0,100.00,100.00,PASS,d8f467b869c226150746532c484944958ee31808
50d5adc9e99f7817f88097901d7d0497fae53ea3,"production bench-internals alloc-stats small-segment-lazy-commit",lazy,false,Intel_Core_i7-11800H_2.30GHz,Windows_10_Pro_10.0.19045,1.97.0,virgin,128k,full,50,315178.0,281500.0,194600.0,1237500.0,100.00,100.00,PASS,d8f467b869c226150746532c484944958ee31808
50d5adc9e99f7817f88097901d7d0497fae53ea3,"production bench-internals alloc-stats small-segment-lazy-commit",lazy,false,Intel_Core_i7-11800H_2.30GHz,Windows_10_Pro_10.0.19045,1.97.0,recycled,4k,notouch,10,63.1,62.5,56.2,81.2,0.00,0.00,FAIL,d8f467b869c226150746532c484944958ee31808
50d5adc9e99f7817f88097901d7d0497fae53ea3,"production bench-internals alloc-stats small-segment-lazy-commit",lazy,false,Intel_Core_i7-11800H_2.30GHz,Windows_10_Pro_10.0.19045,1.97.0,recycled,4k,onebyte,10,68.1,62.5,62.5,106.2,0.00,0.00,FAIL,d8f467b869c226150746532c484944958ee31808
50d5adc9e99f7817f88097901d7d0497fae53ea3,"production bench-internals alloc-stats small-segment-lazy-commit",lazy,false,Intel_Core_i7-11800H_2.30GHz,Windows_10_Pro_10.0.19045,1.97.0,recycled,4k,full,10,2417.5,1993.8,1912.5,3337.5,0.00,0.00,FAIL,d8f467b869c226150746532c484944958ee31808
50d5adc9e99f7817f88097901d7d0497fae53ea3,"production bench-internals alloc-stats small-segment-lazy-commit",lazy,false,Intel_Core_i7-11800H_2.30GHz,Windows_10_Pro_10.0.19045,1.97.0,recycled,16k,notouch,10,318.1,318.8,293.8,343.8,0.00,0.00,FAIL,d8f467b869c226150746532c484944958ee31808
50d5adc9e99f7817f88097901d7d0497fae53ea3,"production bench-internals alloc-stats small-segment-lazy-commit",lazy,false,Intel_Core_i7-11800H_2.30GHz,Windows_10_Pro_10.0.19045,1.97.0,recycled,16k,onebyte,10,334.4,337.5,293.8,356.2,0.00,0.00,FAIL,d8f467b869c226150746532c484944958ee31808
50d5adc9e99f7817f88097901d7d0497fae53ea3,"production bench-internals alloc-stats small-segment-lazy-commit",lazy,false,Intel_Core_i7-11800H_2.30GHz,Windows_10_Pro_10.0.19045,1.97.0,recycled,16k,full,10,12262.5,12256.2,11918.8,13143.8,0.00,0.00,FAIL,d8f467b869c226150746532c484944958ee31808
50d5adc9e99f7817f88097901d7d0497fae53ea3,"production bench-internals alloc-stats small-segment-lazy-commit",lazy,false,Intel_Core_i7-11800H_2.30GHz,Windows_10_Pro_10.0.19045,1.97.0,recycled,64k,notouch,10,1932.5,1931.2,1893.8,1981.2,0.00,0.00,FAIL,d8f467b869c226150746532c484944958ee31808
50d5adc9e99f7817f88097901d7d0497fae53ea3,"production bench-internals alloc-stats small-segment-lazy-commit",lazy,false,Intel_Core_i7-11800H_2.30GHz,Windows_10_Pro_10.0.19045,1.97.0,recycled,64k,onebyte,10,1951.2,1937.5,1762.5,2143.8,0.00,0.00,FAIL,d8f467b869c226150746532c484944958ee31808
50d5adc9e99f7817f88097901d7d0497fae53ea3,"production bench-internals alloc-stats small-segment-lazy-commit",lazy,false,Intel_Core_i7-11800H_2.30GHz,Windows_10_Pro_10.0.19045,1.97.0,recycled,64k,full,10,46003.1,47025.0,32943.8,53056.2,0.00,0.00,FAIL,d8f467b869c226150746532c484944958ee31808
50d5adc9e99f7817f88097901d7d0497fae53ea3,"production bench-internals alloc-stats small-segment-lazy-commit",lazy,false,Intel_Core_i7-11800H_2.30GHz,Windows_10_Pro_10.0.19045,1.97.0,recycled,128k,notouch,10,3776.9,3431.2,3412.5,5418.8,0.00,0.00,FAIL,d8f467b869c226150746532c484944958ee31808
50d5adc9e99f7817f88097901d7d0497fae53ea3,"production bench-internals alloc-stats small-segment-lazy-commit",lazy,false,Intel_Core_i7-11800H_2.30GHz,Windows_10_Pro_10.0.19045,1.97.0,recycled,128k,onebyte,10,3703.8,3443.8,3431.2,4462.5,0.00,0.00,FAIL,d8f467b869c226150746532c484944958ee31808
50d5adc9e99f7817f88097901d7d0497fae53ea3,"production bench-internals alloc-stats small-segment-lazy-commit",lazy,false,Intel_Core_i7-11800H_2.30GHz,Windows_10_Pro_10.0.19045,1.97.0,recycled,128k,full,10,143275.0,64150.0,63137.5,819968.8,0.00,0.00,FAIL,d8f467b869c226150746532c484944958ee31808
50d5adc9e99f7817f88097901d7d0497fae53ea3,"production bench-internals alloc-stats virgin-zero-skip small-segment-lazy-commit",lazy,true,Intel_Core_i7-11800H_2.30GHz,Windows_10_Pro_10.0.19045,1.97.0,virgin,4k,notouch,50,57178.0,55100.0,47300.0,93500.0,100.00,100.00,PASS,d8f467b869c226150746532c484944958ee31808
50d5adc9e99f7817f88097901d7d0497fae53ea3,"production bench-internals alloc-stats virgin-zero-skip small-segment-lazy-commit",lazy,true,Intel_Core_i7-11800H_2.30GHz,Windows_10_Pro_10.0.19045,1.97.0,virgin,4k,onebyte,50,59124.0,57600.0,43100.0,81400.0,100.00,100.00,PASS,d8f467b869c226150746532c484944958ee31808
50d5adc9e99f7817f88097901d7d0497fae53ea3,"production bench-internals alloc-stats virgin-zero-skip small-segment-lazy-commit",lazy,true,Intel_Core_i7-11800H_2.30GHz,Windows_10_Pro_10.0.19045,1.97.0,virgin,4k,full,50,72808.0,69700.0,53500.0,145100.0,100.00,100.00,PASS,d8f467b869c226150746532c484944958ee31808
50d5adc9e99f7817f88097901d7d0497fae53ea3,"production bench-internals alloc-stats virgin-zero-skip small-segment-lazy-commit",lazy,true,Intel_Core_i7-11800H_2.30GHz,Windows_10_Pro_10.0.19045,1.97.0,virgin,16k,notouch,50,70082.0,67600.0,55900.0,110800.0,100.00,100.00,PASS,d8f467b869c226150746532c484944958ee31808
50d5adc9e99f7817f88097901d7d0497fae53ea3,"production bench-internals alloc-stats virgin-zero-skip small-segment-lazy-commit",lazy,true,Intel_Core_i7-11800H_2.30GHz,Windows_10_Pro_10.0.19045,1.97.0,virgin,16k,onebyte,50,78694.0,73500.0,59800.0,287700.0,100.00,100.00,PASS,d8f467b869c226150746532c484944958ee31808
50d5adc9e99f7817f88097901d7d0497fae53ea3,"production bench-internals alloc-stats virgin-zero-skip small-segment-lazy-commit",lazy,true,Intel_Core_i7-11800H_2.30GHz,Windows_10_Pro_10.0.19045,1.97.0,virgin,16k,full,50,80778.0,79900.0,70900.0,102600.0,100.00,100.00,PASS,d8f467b869c226150746532c484944958ee31808
50d5adc9e99f7817f88097901d7d0497fae53ea3,"production bench-internals alloc-stats virgin-zero-skip small-segment-lazy-commit",lazy,true,Intel_Core_i7-11800H_2.30GHz,Windows_10_Pro_10.0.19045,1.97.0,virgin,64k,notouch,50,91050.0,85800.0,60900.0,210500.0,100.00,100.00,PASS,d8f467b869c226150746532c484944958ee31808
50d5adc9e99f7817f88097901d7d0497fae53ea3,"production bench-internals alloc-stats virgin-zero-skip small-segment-lazy-commit",lazy,true,Intel_Core_i7-11800H_2.30GHz,Windows_10_Pro_10.0.19045,1.97.0,virgin,64k,onebyte,50,127102.0,122200.0,92700.0,211700.0,100.00,100.00,PASS,d8f467b869c226150746532c484944958ee31808
50d5adc9e99f7817f88097901d7d0497fae53ea3,"production bench-internals alloc-stats virgin-zero-skip small-segment-lazy-commit",lazy,true,Intel_Core_i7-11800H_2.30GHz,Windows_10_Pro_10.0.19045,1.97.0,virgin,64k,full,50,175782.0,174700.0,120400.0,339500.0,100.00,100.00,PASS,d8f467b869c226150746532c484944958ee31808
50d5adc9e99f7817f88097901d7d0497fae53ea3,"production bench-internals alloc-stats virgin-zero-skip small-segment-lazy-commit",lazy,true,Intel_Core_i7-11800H_2.30GHz,Windows_10_Pro_10.0.19045,1.97.0,virgin,128k,notouch,50,107088.0,105600.0,71100.0,164800.0,100.00,100.00,PASS,d8f467b869c226150746532c484944958ee31808
50d5adc9e99f7817f88097901d7d0497fae53ea3,"production bench-internals alloc-stats virgin-zero-skip small-segment-lazy-commit",lazy,true,Intel_Core_i7-11800H_2.30GHz,Windows_10_Pro_10.0.19045,1.97.0,virgin,128k,onebyte,50,172208.0,175600.0,111300.0,311300.0,100.00,100.00,PASS,d8f467b869c226150746532c484944958ee31808
50d5adc9e99f7817f88097901d7d0497fae53ea3,"production bench-internals alloc-stats virgin-zero-skip small-segment-lazy-commit",lazy,true,Intel_Core_i7-11800H_2.30GHz,Windows_10_Pro_10.0.19045,1.97.0,virgin,128k,full,50,323038.0,271800.0,178500.0,902000.0,100.00,100.00,PASS,d8f467b869c226150746532c484944958ee31808
50d5adc9e99f7817f88097901d7d0497fae53ea3,"production bench-internals alloc-stats virgin-zero-skip small-segment-lazy-commit",lazy,true,Intel_Core_i7-11800H_2.30GHz,Windows_10_Pro_10.0.19045,1.97.0,recycled,4k,notouch,10,149.4,137.5,112.5,262.5,100.00,100.00,PASS,d8f467b869c226150746532c484944958ee31808
50d5adc9e99f7817f88097901d7d0497fae53ea3,"production bench-internals alloc-stats virgin-zero-skip small-segment-lazy-commit",lazy,true,Intel_Core_i7-11800H_2.30GHz,Windows_10_Pro_10.0.19045,1.97.0,recycled,4k,onebyte,10,113.1,118.8,93.8,125.0,100.00,100.00,PASS,d8f467b869c226150746532c484944958ee31808
50d5adc9e99f7817f88097901d7d0497fae53ea3,"production bench-internals alloc-stats virgin-zero-skip small-segment-lazy-commit",lazy,true,Intel_Core_i7-11800H_2.30GHz,Windows_10_Pro_10.0.19045,1.97.0,recycled,4k,full,10,3111.9,3175.0,1931.2,3843.8,100.00,100.00,PASS,d8f467b869c226150746532c484944958ee31808
50d5adc9e99f7817f88097901d7d0497fae53ea3,"production bench-internals alloc-stats virgin-zero-skip small-segment-lazy-commit",lazy,true,Intel_Core_i7-11800H_2.30GHz,Windows_10_Pro_10.0.19045,1.97.0,recycled,16k,notouch,10,308.8,331.2,193.8,337.5,100.00,100.00,PASS,d8f467b869c226150746532c484944958ee31808
50d5adc9e99f7817f88097901d7d0497fae53ea3,"production bench-internals alloc-stats virgin-zero-skip small-segment-lazy-commit",lazy,true,Intel_Core_i7-11800H_2.30GHz,Windows_10_Pro_10.0.19045,1.97.0,recycled,16k,onebyte,10,354.4,343.8,312.5,512.5,100.00,100.00,PASS,d8f467b869c226150746532c484944958ee31808
50d5adc9e99f7817f88097901d7d0497fae53ea3,"production bench-internals alloc-stats virgin-zero-skip small-segment-lazy-commit",lazy,true,Intel_Core_i7-11800H_2.30GHz,Windows_10_Pro_10.0.19045,1.97.0,recycled,16k,full,10,11682.5,11662.5,11612.5,11818.8,100.00,100.00,PASS,d8f467b869c226150746532c484944958ee31808
50d5adc9e99f7817f88097901d7d0497fae53ea3,"production bench-internals alloc-stats virgin-zero-skip small-segment-lazy-commit",lazy,true,Intel_Core_i7-11800H_2.30GHz,Windows_10_Pro_10.0.19045,1.97.0,recycled,64k,notouch,10,2003.8,1912.5,1868.8,2412.5,100.00,100.00,PASS,d8f467b869c226150746532c484944958ee31808
50d5adc9e99f7817f88097901d7d0497fae53ea3,"production bench-internals alloc-stats virgin-zero-skip small-segment-lazy-commit",lazy,true,Intel_Core_i7-11800H_2.30GHz,Windows_10_Pro_10.0.19045,1.97.0,recycled,64k,onebyte,10,1930.0,1962.5,1737.5,2106.2,100.00,100.00,PASS,d8f467b869c226150746532c484944958ee31808
50d5adc9e99f7817f88097901d7d0497fae53ea3,"production bench-internals alloc-stats virgin-zero-skip small-segment-lazy-commit",lazy,true,Intel_Core_i7-11800H_2.30GHz,Windows_10_Pro_10.0.19045,1.97.0,recycled,64k,full,10,50907.5,50775.0,50268.8,53006.2,100.00,100.00,PASS,d8f467b869c226150746532c484944958ee31808
50d5adc9e99f7817f88097901d7d0497fae53ea3,"production bench-internals alloc-stats virgin-zero-skip small-segment-lazy-commit",lazy,true,Intel_Core_i7-11800H_2.30GHz,Windows_10_Pro_10.0.19045,1.97.0,recycled,128k,notouch,10,3934.4,3662.5,3443.8,6600.0,100.00,100.00,PASS,d8f467b869c226150746532c484944958ee31808
50d5adc9e99f7817f88097901d7d0497fae53ea3,"production bench-internals alloc-stats virgin-zero-skip small-segment-lazy-commit",lazy,true,Intel_Core_i7-11800H_2.30GHz,Windows_10_Pro_10.0.19045,1.97.0,recycled,128k,onebyte,10,4136.2,3918.8,3725.0,6062.5,100.00,100.00,PASS,d8f467b869c226150746532c484944958ee31808
50d5adc9e99f7817f88097901d7d0497fae53ea3,"production bench-internals alloc-stats virgin-zero-skip small-segment-lazy-commit",lazy,true,Intel_Core_i7-11800H_2.30GHz,Windows_10_Pro_10.0.19045,1.97.0,recycled,128k,full,10,97344.4,100806.2,84975.0,104337.5,100.00,100.00,PASS,d8f467b869c226150746532c484944958ee31808
